Z (m),δp (px),δZ (m)
2,0.5,0.0047169811320754715
2,1.0,0.009433962264150943
2,1.5,0.014150943396226415
3,0.5,0.01061320754716981
3,1.0,0.02122641509433962
3,1.5,0.031839622641509434
5,0.5,0.0294811320754717
5,1.0,0.0589622641509434
5,1.5,0.08844339622641509
7,0.5,0.05778301886792453
7,1.0,0.11556603773584906
7,1.5,0.1733490566037736
10,0.5,0.1179245283018868
10,1.0,0.2358490566037736
10,1.5,0.35377358490566035
